Year,rank,player,team_ID,points_won,first_place_votes,share,WAR,G,AB,R,H,HR,RBI,SB,BB,batting_avg,onbase_perc,slugging_perc,onbase_plus_slugging
2005,1,Albert Pujols (2005),STL,378,18,84%,8.4,161,591,129,195,41,117,16,97,0.330,0.430,0.609,1.039
2005,2,Andruw Jones (2005),ATL,351,13,78%,6.7,160,586,95,154,51,128,5,64,0.263,0.347,0.575,0.922
2005,3,Derrek Lee (2005),CHC,263,1,59%,7.7,158,594,120,199,46,107,15,85,0.335,0.418,0.662,1.08
2005,4,Morgan Ensberg (2005),HOU,160,0,36%,6.3,150,526,86,149,36,101,6,85,0.283,0.388,0.557,0.945
2005,5,Miguel Cabrera (2005),FLA,146,0,33%,5.2,158,613,106,198,33,116,1,64,0.323,0.385,0.561,0.947
2005,6,Carlos Delgado (2005),FLA,84,0,19%,2.8,144,521,81,157,33,115,0,72,0.301,0.399,0.582,0.981
2005,7,Pat Burrell (2005),PHI,65,0,15%,3.6,154,562,78,158,32,117,0,99,0.281,0.389,0.504,0.892
2005,9,Brian Giles (2005),SDP,48,0,11%,4.9,158,545,92,164,15,83,13,119,0.301,0.423,0.483,0.905
2005,10,Jimmy Rollins (2005),PHI,45,0,10%,4.9,158,677,115,196,12,54,41,47,0.290,0.338,0.431,0.77
2005,12,Jason Bay (2005),PIT,41,0,9%,5.7,162,599,110,183,32,101,21,95,0.306,0.402,0.559,0.961
2005,13,Chase Utley (2005),PHI,22,0,5%,7.3,147,543,93,158,28,105,16,69,0.291,0.376,0.54,0.915
2005,14,Bobby Abreu (2005),PHI,21,0,5%,3.6,162,588,104,168,24,102,31,117,0.286,0.405,0.474,0.879
2005,14,Lance Berkman (2005),HOU,21,0,5%,3.2,132,468,76,137,24,82,4,91,0.293,0.411,0.524,0.934
2005,17,Carlos Lee (2005),MIL,19,0,4%,1,162,618,85,164,32,114,13,57,0.265,0.324,0.487,0.811
2005,19,Jeff Kent (2005),LAD,18,0,4%,3.8,149,553,100,160,29,105,6,72,0.289,0.377,0.512,0.889
2005,19,David Wright (2005),NYM,18,0,4%,4.8,160,575,99,176,27,102,17,72,0.306,0.388,0.523,0.912
2005,21,David Eckstein (2005),STL,15,0,3%,2.9,158,630,90,185,8,61,11,58,0.294,0.363,0.395,0.758
2005,24,Ken Griffey Jr. (2005),CIN,5,0,1%,3.7,128,491,85,148,35,92,0,54,0.301,0.369,0.576,0.946
2005,26,Adam Dunn (2005),CIN,4,0,1%,2.9,160,543,107,134,40,101,4,114,0.247,0.387,0.540,0.927
2005,26,Jim Edmonds (2005),STL,4,0,1%,4.4,142,467,88,123,29,89,5,91,0.263,0.385,0.533,0.918
2005,26,Cliff Floyd (2005),NYM,4,0,1%,4.7,150,550,85,150,34,98,12,63,0.273,0.358,0.505,0.863
2005,26,Marcus Giles (2005),ATL,4,0,1%,4,152,577,104,168,15,63,16,64,0.291,0.365,0.461,0.826
2005,30,Jose Reyes (2005),NYM,1,0,0%,1.6,161,696,99,190,7,58,60,27,0.273,0.300,0.386,0.687
2006,1,Ryan Howard (2006),PHI,388,20,87%,5.2,159,581,104,182,58,149,0,108,0.313,0.425,0.659,1.084
2006,2,Albert Pujols (2006),STL,347,12,77%,8.5,143,535,119,177,49,137,7,92,0.331,0.431,0.671,1.102
2006,3,Lance Berkman (2006),HOU,230,0,51%,6,152,536,95,169,45,136,3,98,0.315,0.42,0.621,1.041
2006,4,Carlos Beltran (2006),NYM,211,0,47%,8.2,140,510,127,140,41,116,18,95,0.275,0.388,0.594,0.982
2006,5,Miguel Cabrera (2006),FLA,170,0,38%,5.8,158,576,112,195,26,114,9,86,0.339,0.43,0.568,0.998
2006,6,Alfonso Soriano (2006),WSN,106,0,24%,6.1,159,647,119,179,46,95,41,67,0.277,0.351,0.56,0.911
2006,7,Jose Reyes (2006),NYM,98,0,22%,5.9,153,647,122,194,19,81,64,53,0.3,0.354,0.487,0.841
2006,7,Chase Utley (2006),PHI,98,0,22%,7.3,160,658,131,203,32,102,15,63,0.309,0.379,0.527,0.906
2006,9,David Wright (2006),NYM,70,0,16%,4.1,154,582,96,181,26,116,20,66,0.311,0.381,0.531,0.912
2006,11,Andruw Jones (2006),ATL,29,0,6%,5.6,156,565,107,148,41,129,4,82,0.262,0.363,0.531,0.894
2006,12,Carlos Delgado (2006),NYM,23,0,5%,2.7,144,524,89,139,38,114,0,74,0.265,0.361,0.548,0.909
2006,13,Nomar Garciaparra (2006),LAD,18,0,4%,2.5,122,469,82,142,20,93,3,42,0.303,0.367,0.505,0.872
2006,14,Rafael Furcal (2006),LAD,11,0,2%,4.4,159,654,113,196,15,63,37,73,0.3,0.369,0.445,0.814
2006,15,Garrett Atkins (2006),COL,10,0,2%,5,157,602,117,198,29,120,4,79,0.329,0.409,0.556,0.965
2006,15,Matt Holliday (2006),COL,10,0,2%,3.4,155,602,119,196,34,114,10,47,0.326,0.387,0.586,0.973
2006,17,Aramis Ramirez (2006),CHC,5,0,1%,3.5,157,594,93,173,38,119,2,50,0.291,0.352,0.561,0.912
2006,17,Freddy Sanchez (2006),PIT,5,0,1%,4.4,157,582,85,200,6,85,3,31,0.344,0.378,0.473,0.851
2006,20,Chipper Jones (2006),ATL,3,0,1%,3.6,110,411,87,133,26,86,6,61,0.324,0.409,0.596,1.005
2006,21,Mike Cameron (2006),SDP,2,0,0%,4.4,141,552,88,148,22,83,25,71,0.268,0.355,0.482,0.837
2006,21,Jimmy Rollins (2006),PHI,2,0,0%,4.6,158,689,127,191,25,83,36,57,0.277,0.334,0.478,0.811
2006,23,Jason Bay (2006),PIT,1,0,0%,4.3,159,570,101,163,35,109,11,102,0.286,0.396,0.532,0.928
2007,1,Jimmy Rollins (2007),PHI,353,16,79%,6.1,162,716,139,212,30,94,41,49,0.296,0.344,0.531,0.875
2007,2,Matt Holliday (2007),COL,336,11,75%,6,158,636,120,216,36,137,11,63,0.34,0.405,0.607,1.012
2007,3,Prince Fielder (2007),MIL,284,5,63%,3.6,158,573,109,165,50,119,2,90,0.288,0.395,0.618,1.013
2007,4,David Wright (2007),NYM,182,0,41%,8.3,160,604,113,196,30,107,34,94,0.325,0.416,0.546,0.963
2007,5,Ryan Howard (2007),PHI,112,0,25%,2.9,144,529,94,142,47,136,1,107,0.268,0.392,0.584,0.976
2007,6,Chipper Jones (2007),ATL,107,0,24%,7.6,134,513,108,173,29,102,5,82,0.337,0.425,0.604,1.029
2007,8,Chase Utley (2007),PHI,89,0,20%,7.8,132,530,104,176,22,103,9,50,0.332,0.41,0.566,0.976
2007,9,Albert Pujols (2007),STL,50,0,11%,8.7,158,565,99,185,32,103,2,99,0.327,0.429,0.568,0.997
2007,10,Hanley Ramirez (2007),FLA,49,0,11%,4.4,154,639,125,212,29,81,51,52,0.332,0.386,0.562,0.948
2007,11,Eric Byrnes (2007),ARI,43,0,10%,3.7,160,626,103,179,21,83,50,57,0.286,0.353,0.46,0.813
2007,12,Alfonso Soriano (2007),CHC,39,0,9%,4.3,135,579,97,173,33,70,19,31,0.299,0.337,0.56,0.897
2007,13,Aramis Ramirez (2007),CHC,36,0,8%,5.3,132,506,72,157,26,101,0,43,0.31,0.366,0.549,0.915
2007,15,Miguel Cabrera (2007),FLA,18,0,4%,3.2,157,588,91,188,34,119,2,79,0.32,0.401,0.565,0.965
2007,16,Jose Reyes (2007),NYM,16,0,4%,5.1,160,681,119,191,12,57,78,77,0.28,0.354,0.421,0.775
2007,18,Troy Tulowitzki (2007),COL,13,0,3%,6.8,155,609,104,177,24,99,7,57,0.291,0.359,0.479,0.838
2007,19,Carlos Lee (2007),HOU,7,0,2%,2.4,162,627,93,190,32,119,10,53,0.303,0.354,0.528,0.882
2007,20,Carlos Beltran (2007),NYM,6,0,1%,5.4,144,554,93,153,33,112,23,69,0.276,0.353,0.525,0.878
2007,20,Adrian Gonzalez (2007),SDP,6,0,1%,2.5,161,646,101,182,30,100,0,65,0.282,0.347,0.502,0.849
2007,22,Brandon Phillips (2007),CIN,3,0,1%,4,158,650,107,187,30,94,32,33,0.288,0.331,0.485,0.816
2007,22,Aaron Rowand (2007),PHI,3,0,1%,5.1,161,612,105,189,27,89,6,47,0.309,0.374,0.515,0.889
2007,24,Ryan Braun (2007),MIL,2,0,0%,2,113,451,91,146,34,97,15,29,0.324,0.37,0.634,1.004
2007,24,Brad Hawpe (2007),COL,2,0,0%,1.5,152,516,80,150,29,116,0,81,0.291,0.387,0.539,0.926
2008,1,Albert Pujols (2008),STL,369,18,82%,9.2,148,524,100,187,37,116,7,104,0.357,0.462,0.653,1.114
2008,2,Ryan Howard (2008),PHI,308,12,69%,1.8,162,610,105,153,48,146,1,81,0.251,0.339,0.543,0.881
2008,3,Ryan Braun (2008),MIL,139,0,31%,4.6,151,611,92,174,37,106,14,42,0.285,0.335,0.553,0.888
2008,4,Manny Ramirez (2008),LAD,138,0,31%,3.5,53,187,36,74,17,53,2,35,0.396,0.489,0.743,1.232
2008,5,Lance Berkman (2008),HOU,126,0,28%,6.9,159,554,114,173,29,106,18,99,0.312,0.42,0.567,0.986
2008,7,David Wright (2008),NYM,115,0,26%,6.9,160,626,115,189,33,124,15,94,0.302,0.39,0.534,0.924
2008,9,Carlos Delgado (2008),NYM,96,0,21%,1.3,159,598,96,162,38,115,1,72,0.271,0.353,0.518,0.871
2008,10,Aramis Ramirez (2008),CHC,66,0,15%,3,149,554,97,160,27,111,2,74,0.289,0.38,0.518,0.898
2008,11,Hanley Ramirez (2008),FLA,55,0,12%,6.7,153,589,125,177,33,67,35,92,0.301,0.4,0.54,0.94
2008,12,Chipper Jones (2008),ATL,44,0,10%,7.3,128,439,82,160,22,75,4,90,0.364,0.47,0.574,1.044
2008,13,Geovany Soto (2008),CHC,41,0,9%,3.3,141,494,66,141,23,86,0,62,0.285,0.364,0.504,0.868
2008,14,Chase Utley (2008),PHI,30,0,7%,9,159,607,113,177,33,104,14,64,0.292,0.38,0.535,0.915
2008,16,Ryan Ludwick (2008),STL,17,0,4%,5.5,152,538,104,161,37,113,4,62,0.299,0.375,0.591,0.966
2008,18,Adrian Gonzalez (2008),SDP,13,0,3%,3.6,162,616,103,172,36,119,0,74,0.279,0.361,0.51,0.871
2008,18,Matt Holliday (2008),COL,13,0,3%,5.9,139,539,107,173,25,88,28,74,0.321,0.409,0.538,0.947
2008,20,Prince Fielder (2008),MIL,11,0,2%,1.5,159,588,86,162,34,102,3,84,0.276,0.372,0.507,0.879
2008,21,Carlos Beltran (2008),NYM,10,0,2%,7,161,606,116,172,27,112,25,92,0.284,0.376,0.5,0.876
2008,21,Derrek Lee (2008),CHC,10,0,2%,1.9,155,623,93,181,20,90,8,71,0.291,0.361,0.462,0.823
2008,24,Jose Reyes (2008),NYM,3,0,1%,4.8,159,688,113,204,16,68,56,66,0.297,0.358,0.475,0.833
2008,26,Stephen Drew (2008),ARI,2,0,0%,3,152,611,91,178,21,67,3,41,0.291,0.333,0.502,0.836
2008,27,Nate McLouth (2008),PIT,1,0,0%,2.4,152,597,113,165,26,94,23,65,0.276,0.356,0.497,0.853
2009,1,Albert Pujols (2009),STL,448,32,100%,9.7,160,568,124,186,47,135,16,115,0.327,0.443,0.658,1.101
2009,2,Hanley Ramirez (2009),FLA,233,0,52%,7.4,151,576,101,197,24,106,27,61,0.342,0.41,0.543,0.954
2009,3,Ryan Howard (2009),PHI,217,0,48%,3.8,160,616,105,172,45,141,8,75,0.279,0.36,0.571,0.931
2009,4,Prince Fielder (2009),MIL,203,0,45%,6.3,162,591,103,177,46,141,2,110,0.299,0.412,0.602,1.014
2009,5,Troy Tulowitzki (2009),COL,172,0,38%,6.5,151,543,101,161,32,92,20,73,0.297,0.377,0.552,0.93
2009,6,Andre Ethier (2009),LAD,113,0,25%,3,160,596,92,162,31,106,6,72,0.272,0.361,0.508,0.869
2009,7,Pablo Sandoval (2009),SFG,89,0,20%,4.3,153,572,79,189,25,90,5,52,0.33,0.387,0.556,0.943
2009,8,Chase Utley (2009),PHI,84,0,19%,8.2,156,571,112,161,31,93,23,88,0.282,0.397,0.508,0.905
2009,9,Derrek Lee (2009),CHC,66,0,15%,5.4,141,532,91,163,35,111,1,76,0.306,0.393,0.579,0.972
2009,10,Matt Kemp (2009),LAD,49,0,11%,4.9,159,606,97,180,26,101,34,52,0.297,0.352,0.49,0.842
2009,11,Ryan Braun (2009),MIL,43,0,10%,6.2,158,635,113,203,32,114,20,57,0.32,0.386,0.551,0.937
2009,12,Adrian Gonzalez (2009),SDP,30,0,7%,6.9,160,552,90,153,40,99,1,119,0.277,0.407,0.551,0.958
2009,13,Todd Helton (2009),COL,28,0,6%,3.3,151,544,79,177,15,86,0,89,0.325,0.416,0.489,0.904
2009,16,Matt Holliday (2009),STL,15,0,3%,2.3,63,235,42,83,13,55,2,26,0.353,0.419,0.604,1.023
2009,17,Jayson Werth (2009),PHI,10,0,2%,4.5,159,571,98,153,36,99,20,91,0.268,0.373,0.506,0.879
2009,18,Shane Victorino (2009),PHI,8,0,2%,3.7,156,620,102,181,10,62,25,60,0.292,0.358,0.445,0.803
2009,20,Yunel Escobar (2009),ATL,6,0,1%,4.3,141,528,89,158,14,76,5,57,0.299,0.377,0.436,0.812
2009,20,Mark Reynolds (2009),ARI,6,0,1%,3.3,155,578,98,150,44,102,24,76,0.26,0.349,0.543,0.892
2009,22,Joey Votto (2009),CIN,4,0,1%,4.8,131,469,82,151,25,84,4,70,0.322,0.414,0.567,0.981
2009,23,Yadier Molina (2009),STL,3,0,1%,3.2,140,481,45,141,6,54,9,50,0.293,0.366,0.383,0.749
2009,23,Miguel Tejada (2009),HOU,3,0,1%,1.9,158,635,83,199,14,86,5,19,0.313,0.34,0.455,0.795
2009,25,Justin Upton (2009),ARI,2,0,0%,4,138,526,84,158,26,86,20,55,0.3,0.366,0.532,0.899
2009,25,Ryan Zimmerman (2009),WSN,2,0,0%,7.3,157,610,110,178,33,106,2,72,0.292,0.364,0.525,0.888
2009,28,Chris Coghlan (2009),FLA,1,0,0%,1.1,128,504,84,162,9,47,8,53,0.321,0.39,0.46,0.85
2009,28,Brad Hawpe (2009),COL,1,0,0%,1.4,145,501,82,143,23,86,1,79,0.285,0.384,0.519,0.903
2010,1,Joey Votto (2010),CIN,443,31,99%,7,150,547,106,177,37,113,16,91,0.324,0.424,0.6,1.024
2010,2,Albert Pujols (2010),STL,279,1,62%,7.5,159,587,115,183,42,118,14,103,0.312,0.414,0.596,1.011
2010,3,Carlos Gonzalez (2010),COL,240,0,54%,5.9,145,587,111,197,34,117,26,40,0.336,0.376,0.598,0.974
2010,4,Adrian Gonzalez (2010),SDP,197,0,44%,4.4,160,591,87,176,31,101,0,93,0.298,0.393,0.511,0.904
2010,5,Troy Tulowitzki (2010),COL,132,0,29%,6.7,122,470,89,148,27,95,11,48,0.315,0.381,0.568,0.949
2010,7,Aubrey Huff (2010),SFG,70,0,16%,5.7,157,569,100,165,26,86,7,83,0.29,0.385,0.506,0.891
2010,8,Jayson Werth (2010),PHI,52,0,12%,4.5,156,554,106,164,27,85,13,82,0.296,0.388,0.532,0.921
2010,9,Martin Prado (2010),ATL,51,0,11%,5,140,599,100,184,15,66,5,40,0.307,0.35,0.459,0.809
2010,10,Ryan Howard (2010),PHI,50,0,11%,1.2,143,550,87,152,31,108,1,59,0.276,0.353,0.505,0.859
2010,11,Buster Posey (2010),SFG,40,0,9%,3.9,108,406,58,124,18,67,0,30,0.305,0.357,0.505,0.862
2010,12,Matt Holliday (2010),STL,32,0,7%,5.9,158,596,95,186,28,103,9,69,0.312,0.39,0.532,0.922
2010,14,Scott Rolen (2010),CIN,26,0,6%,4.1,133,471,66,134,20,83,1,50,0.285,0.358,0.497,0.854
2010,15,Ryan Braun (2010),MIL,19,0,4%,5.7,157,619,101,188,25,103,14,56,0.304,0.365,0.501,0.866
2010,16,Ryan Zimmerman (2010),WSN,18,0,4%,6.2,142,525,85,161,25,85,4,69,0.307,0.388,0.51,0.899
2010,17,Carlos Ruiz (2010),PHI,12,0,3%,4,121,371,43,112,8,53,0,55,0.302,0.4,0.447,0.847
2010,17,Dan Uggla (2010),FLA,12,0,3%,4.3,159,589,100,169,33,105,4,78,0.287,0.369,0.508,0.877
2010,20,Jason Heyward (2010),ATL,11,0,2%,6.4,142,520,83,144,18,72,11,91,0.277,0.393,0.456,0.849
2010,21,Adam Dunn (2010),WSN,9,0,2%,2.5,158,558,85,145,38,103,0,77,0.26,0.356,0.536,0.892
2010,21,Brian McCann (2010),ATL,9,0,2%,3.6,143,479,63,129,21,77,5,74,0.269,0.375,0.453,0.828
2010,24,David Wright (2010),NYM,3,0,1%,2.8,157,587,87,166,29,103,19,69,0.283,0.354,0.503,0.856
2010,25,Corey Hart (2010),MIL,2,0,0%,3.9,145,558,91,158,31,102,7,45,0.283,0.34,0.525,0.865
2011,1,Ryan Braun (2011),MIL,388,20,87%,7.7,150,563,109,187,33,111,33,58,0.332,0.397,0.597,0.994
2011,2,Matt Kemp (2011),LAD,332,10,74%,8,161,602,115,195,39,126,40,74,0.324,0.399,0.586,0.986
2011,3,Prince Fielder (2011),MIL,229,1,51%,4.5,162,569,95,170,38,120,1,107,0.299,0.415,0.566,0.981
2011,4,Justin Upton (2011),ARI,214,1,48%,5.5,159,592,105,171,31,88,21,59,0.289,0.369,0.529,0.898
2011,5,Albert Pujols (2011),STL,166,0,37%,5.3,147,579,105,173,37,99,9,61,0.299,0.366,0.541,0.906
2011,6,Joey Votto (2011),CIN,135,0,30%,6.6,161,599,101,185,29,103,8,110,0.309,0.416,0.531,0.947
2011,7,Lance Berkman (2011),STL,118,0,26%,3.8,145,488,90,147,31,94,2,92,0.301,0.412,0.547,0.959
2011,8,Troy Tulowitzki (2011),COL,69,0,15%,6.2,143,537,81,162,30,105,9,59,0.302,0.372,0.544,0.916
2011,10,Ryan Howard (2011),PHI,39,0,9%,1.2,152,557,81,141,33,116,1,75,0.253,0.346,0.488,0.835
2011,11,Jose Reyes (2011),NYM,31,0,7%,4.6,126,537,101,181,7,44,39,43,0.337,0.384,0.493,0.877
2011,13,Shane Victorino (2011),PHI,18,0,4%,5.5,132,519,95,145,17,61,19,55,0.279,0.355,0.491,0.847
2011,16,Hunter Pence (2011),TOT,10,0,2%,5.7,154,606,84,190,22,97,8,56,0.314,0.37,0.502,0.871
2011,17,Pablo Sandoval (2011),SFG,7,0,2%,6,117,426,55,134,23,70,2,32,0.315,0.357,0.552,0.909
2011,19,Mike Morse (2011),WSN,5,0,1%,3.4,146,522,73,158,31,95,2,36,0.303,0.36,0.55,0.91
2011,20,Carlos Beltran (2011),TOT,3,0,1%,4.5,142,520,78,156,22,84,4,71,0.3,0.385,0.525,0.91
2011,21,Yadier Molina (2011),STL,2,0,0%,2.9,139,475,55,145,14,65,4,33,0.305,0.349,0.465,0.814
2011,21,Miguel Montero (2011),ARI,2,0,0%,4.4,140,493,65,139,18,86,1,47,0.282,0.351,0.469,0.82
2011,23,Starlin Castro (2011),CHC,1,0,0%,3.2,158,674,91,207,10,66,22,35,0.307,0.341,0.432,0.773
2011,23,Carlos Ruiz (2011),PHI,1,0,0%,2.9,132,410,49,116,6,40,1,48,0.283,0.371,0.383,0.754
2011,23,Giancarlo Stanton (2011),FLA,1,0,0%,4.1,150,516,79,135,34,87,5,70,0.262,0.356,0.537,0.893
2012,1,Buster Posey (2012),SFG,422,27,94%,7.6,148,530,78,178,24,103,1,69,0.336,0.408,0.549,0.957
2012,2,Ryan Braun (2012),MIL,285,3,64%,6.9,154,598,108,191,41,112,30,63,0.319,0.391,0.595,0.987
2012,3,Andrew McCutchen (2012),PIT,245,0,55%,6.9,157,593,107,194,31,96,20,70,0.327,0.4,0.553,0.953
2012,4,Yadier Molina (2012),STL,241,2,54%,7.2,138,505,65,159,22,76,12,45,0.315,0.373,0.501,0.874
2012,5,Chase Headley (2012),SDP,127,0,28%,6.4,161,604,95,173,31,115,17,86,0.286,0.376,0.498,0.875
2012,6,Adam LaRoche (2012),WSN,86,0,19%,4.2,154,571,76,155,33,100,1,67,0.271,0.343,0.51,0.853
2012,6,David Wright (2012),NYM,86,0,19%,7.1,156,581,91,178,21,93,15,81,0.306,0.391,0.492,0.883
2012,9,Aramis Ramirez (2012),MIL,47,0,10%,5.6,149,570,92,171,27,105,9,44,0.3,0.36,0.54,0.901
2012,10,Jay Bruce (2012),CIN,46,0,10%,2.2,155,560,89,141,34,99,9,62,0.252,0.327,0.514,0.841
2012,11,Matt Holliday (2012),STL,34,0,8%,4,157,599,95,177,27,102,4,75,0.295,0.379,0.497,0.877
2012,13,Brandon Phillips (2012),CIN,18,0,4%,4,147,580,86,163,18,77,15,28,0.281,0.321,0.429,0.75
2012,14,Joey Votto (2012),CIN,16,0,4%,5.9,111,374,59,126,14,56,5,94,0.337,0.474,0.567,1.041
2012,16,Ian Desmond (2012),WSN,15,0,3%,3.4,130,513,72,150,25,73,21,30,0.292,0.335,0.511,0.845
2012,18,Michael Bourn (2012),ATL,12,0,3%,6,155,624,96,171,9,57,42,70,0.274,0.348,0.391,0.739
2012,19,Allen Craig (2012),STL,10,0,2%,2.4,119,469,76,144,22,92,2,37,0.307,0.354,0.522,0.876
2012,20,Martin Prado (2012),ATL,8,0,2%,5.4,156,617,81,186,10,70,17,58,0.301,0.359,0.438,0.796
2012,20,Alfonso Soriano (2012),CHC,8,0,2%,1.9,151,561,68,147,32,108,6,44,0.262,0.322,0.499,0.821
2012,24,Giancarlo Stanton (2012),MIA,7,0,2%,5.4,123,449,75,130,37,86,6,46,0.29,0.361,0.608,0.969
2012,24,Ryan Zimmerman (2012),WSN,7,0,2%,3.9,145,578,93,163,25,95,5,57,0.282,0.346,0.478,0.824
2012,26,Carlos Beltran (2012),STL,6,0,1%,3.9,151,547,83,147,32,97,13,65,0.269,0.346,0.495,0.842
2012,26,Aaron Hill (2012),ARI,6,0,1%,5.1,156,609,93,184,26,85,14,52,0.302,0.36,0.522,0.882
2012,28,Jason Heyward (2012),ATL,4,0,1%,5.5,158,587,93,158,27,82,21,58,0.269,0.335,0.479,0.814
2012,28,Carlos Ruiz (2012),PHI,4,0,1%,4.6,114,372,56,121,16,68,4,29,0.325,0.394,0.54,0.935
2012,30,Bryce Harper (2012),WSN,2,0,0%,5.2,139,533,98,144,22,59,18,56,0.27,0.34,0.477,0.817
2012,32,Chipper Jones (2012),ATL,1,0,0%,2.8,112,387,58,111,14,62,1,57,0.287,0.377,0.455,0.832
2012,32,Miguel Montero (2012),ARI,1,0,0%,4.5,141,486,65,139,15,88,0,73,0.286,0.391,0.438,0.829
2012,32,Angel Pagan (2012),SFG,1,0,0%,4.2,154,605,95,174,8,56,29,48,0.288,0.338,0.44,0.778
2012,32,Hunter Pence (2012),TOT,1,0,0%,1.3,160,617,87,156,24,104,5,56,0.253,0.319,0.425,0.743
2013,1,Andrew McCutchen (2013),PIT,409,28,97%,7.8,157,583,97,185,21,84,27,78,0.317,0.404,0.508,0.911
2013,2,Paul Goldschmidt (2013),ARI,242,0,58%,6.3,160,602,103,182,36,125,15,99,0.302,0.401,0.551,0.952
2013,3,Yadier Molina (2013),STL,219,2,52%,6.2,136,505,68,161,12,80,3,30,0.319,0.359,0.477,0.836
2013,4,Matt Carpenter (2013),STL,194,0,46%,6.6,157,626,126,199,11,78,3,72,0.318,0.392,0.481,0.873
2013,5,Freddie Freeman (2013),ATL,154,0,37%,5.3,147,551,89,176,23,109,1,66,0.319,0.396,0.501,0.897
2013,6,Joey Votto (2013),CIN,149,0,35%,6.6,162,581,101,177,24,73,6,135,0.305,0.435,0.491,0.926
2013,8,Hanley Ramirez (2013),LAD,58,0,14%,5.2,86,304,62,105,20,57,10,27,0.345,0.402,0.638,1.04
2013,9,Carlos Gomez (2013),MIL,43,0,10%,7.6,147,536,80,152,24,73,40,37,0.284,0.338,0.506,0.843
2013,10,Jay Bruce (2013),CIN,30,0,7%,5.2,160,626,89,164,30,109,7,63,0.262,0.329,0.478,0.807
2013,12,Shin-Soo Choo (2013),CIN,23,0,5%,4.6,154,569,107,162,21,54,20,112,0.285,0.423,0.462,0.885
2013,13,Jayson Werth (2013),WSN,20,0,5%,4.6,129,462,84,147,25,82,10,60,0.318,0.398,0.532,0.931
2013,14,Andrelton Simmons (2013),ATL,14,0,3%,5.8,157,606,76,150,17,59,6,40,0.248,0.296,0.396,0.692
2013,15,Yasiel Puig (2013),LAD,10,0,2%,4.7,104,382,66,122,19,42,11,36,0.319,0.391,0.534,0.925
2013,16,Hunter Pence (2013),SFG,7,0,2%,3.8,162,629,91,178,27,99,22,52,0.283,0.339,0.483,0.822
2013,17,Troy Tulowitzki (2013),COL,5,0,1%,5,126,446,72,139,25,82,1,57,0.312,0.391,0.54,0.931
2013,18,Allen Craig (2013),STL,4,0,1%,2.7,134,508,71,160,13,97,2,40,0.315,0.373,0.457,0.83
2013,18,Adrian Gonzalez (2013),LAD,4,0,1%,3.8,157,583,69,171,22,100,1,47,0.293,0.342,0.461,0.803
2013,20,Michael Cuddyer (2013),COL,3,0,1%,2.1,130,489,74,162,20,84,10,46,0.331,0.389,0.53,0.919
2013,20,Buster Posey (2013),SFG,3,0,1%,5.3,148,520,61,153,15,72,2,60,0.294,0.371,0.45,0.821
2013,23,Matt Holliday (2013),STL,2,0,0%,2.6,141,520,103,156,22,94,6,69,0.3,0.389,0.49,0.879
2013,24,Russell Martin (2013),PIT,1,0,0%,4.1,127,438,51,99,15,55,9,58,0.226,0.327,0.377,0.703
2014,2,Giancarlo Stanton (2014),MIA,298,8,71%,6.5,145,539,89,155,37,105,13,94,0.288,0.395,0.555,0.95
2014,3,Andrew McCutchen (2014),PIT,271,4,65%,6.4,146,548,89,172,25,83,18,84,0.314,0.41,0.542,0.952
2014,4,Jonathan Lucroy (2014),MIL,167,0,40%,6.4,153,585,73,176,13,69,4,66,0.301,0.373,0.465,0.837
2014,5,Anthony Rendon (2014),WSN,155,0,37%,6.5,153,613,111,176,21,83,17,58,0.287,0.351,0.473,0.824
2014,6,Buster Posey (2014),SFG,152,0,36%,5.1,147,547,72,170,22,89,0,47,0.311,0.364,0.49,0.854
2014,7,Adrian Gonzalez (2014),LAD,57,0,14%,4.4,159,591,83,163,27,116,1,56,0.276,0.335,0.482,0.817
2014,9,Josh Harrison (2014),PIT,52,0,12%,5.6,143,520,77,164,13,52,18,22,0.315,0.347,0.49,0.837
2014,10,Anthony Rizzo (2014),CHC,37,0,9%,5.6,140,524,89,150,32,78,5,73,0.286,0.386,0.527,0.913
2014,11,Hunter Pence (2014),SFG,34,0,8%,4,162,650,106,180,20,74,13,52,0.277,0.332,0.445,0.777
2014,13,Russell Martin (2014),PIT,21,0,5%,5.7,111,379,45,110,11,67,4,59,0.29,0.402,0.43,0.832
2014,14,Matt Holliday (2014),STL,17,0,4%,3.3,156,574,83,156,20,90,4,74,0.272,0.37,0.441,0.811
2014,14,Jhonny Peralta (2014),STL,17,0,4%,5.8,157,560,61,147,21,75,3,58,0.263,0.336,0.443,0.779
2014,16,Carlos Gomez (2014),MIL,13,0,3%,4.7,148,574,95,163,23,73,34,47,0.284,0.356,0.477,0.833
2014,17,Justin Upton (2014),ATL,10,0,2%,3.1,154,566,77,153,29,102,8,60,0.27,0.342,0.491,0.833
2014,18,Jayson Werth (2014),WSN,9,0,2%,4.2,147,534,85,156,16,82,9,83,0.292,0.394,0.455,0.849
2014,19,Yasiel Puig (2014),LAD,8,0,2%,4.9,148,558,92,165,16,69,11,67,0.296,0.382,0.48,0.863
2014,19,Denard Span (2014),WSN,8,0,2%,4.3,147,610,94,184,5,37,31,50,0.302,0.355,0.416,0.771
2014,21,Devin Mesoraco (2014),CIN,5,0,1%,4.9,114,384,54,105,25,80,1,41,0.273,0.359,0.534,0.893
2014,22,Lucas Duda (2014),NYM,3,0,1%,3.8,153,514,74,130,30,92,3,69,0.253,0.349,0.481,0.83
2014,23,Freddie Freeman (2014),ATL,2,0,0%,3,162,607,93,175,18,78,3,90,0.288,0.386,0.461,0.847
2014,23,Justin Morneau (2014),COL,2,0,0%,3.4,135,502,62,160,17,82,0,34,0.319,0.364,0.496,0.86
2014,25,Dee Strange-Gordon (2014),LAD,1,0,0%,3.5,148,609,92,176,2,34,64,31,0.289,0.326,0.378,0.704
2014,25,Troy Tulowitzki (2014),COL,1,0,0%,5.7,91,315,71,107,21,52,1,50,0.34,0.432,0.603,1.035
2015,1,Bryce Harper (2015),WSN,420,30,100%,9.7,153,521,118,172,42,99,6,124,0.33,0.46,0.649,1.109
2015,2,Paul Goldschmidt (2015),ARI,234,0,56%,8.3,159,567,103,182,33,110,21,118,0.321,0.435,0.57,1.005
2015,3,Joey Votto (2015),CIN,175,0,42%,7.7,158,545,95,171,29,80,11,143,0.314,0.459,0.541,1
2015,4,Anthony Rizzo (2015),CHC,162,0,39%,6.4,160,586,94,163,31,101,17,78,0.278,0.387,0.512,0.899
2015,5,Andrew McCutchen (2015),PIT,139,0,33%,4.9,157,566,91,165,23,96,11,98,0.292,0.401,0.488,0.889
2015,8,Nolan Arenado (2015),COL,102,0,24%,6.3,157,616,97,177,42,130,2,34,0.287,0.323,0.575,0.898
2015,9,Buster Posey (2015),SFG,84,0,20%,5.9,150,557,74,177,19,95,2,56,0.318,0.379,0.47,0.849
2015,11,Kris Bryant (2015),CHC,34,0,8%,5.4,151,559,87,154,26,99,13,77,0.275,0.369,0.488,0.858
2015,12,Matt Carpenter (2015),STL,26,0,6%,4.8,154,574,101,156,28,84,4,81,0.272,0.365,0.505,0.871
2015,13,Yoenis Cespedes (2015),NYM,24,0,6%,2,57,230,39,66,17,44,4,14,0.287,0.337,0.604,0.942
2015,14,AJ Pollock (2015),ARI,21,0,5%,6.8,157,609,111,192,20,76,39,53,0.315,0.367,0.498,0.865
2015,15,Jason Heyward (2015),STL,15,0,4%,7,154,547,79,160,13,60,23,56,0.293,0.359,0.439,0.797
2015,16,Dee Strange-Gordon (2015),MIA,6,0,1%,4.4,145,615,88,205,4,46,58,25,0.333,0.359,0.418,0.776
2015,18,Curtis Granderson (2015),NYM,4,0,1%,5.2,157,580,98,150,26,70,11,91,0.259,0.364,0.457,0.821
2015,19,Adrian Gonzalez (2015),LAD,3,0,1%,4.7,156,571,76,157,28,90,0,62,0.275,0.35,0.48,0.83
2016,1,Kris Bryant (2016),CHC,415,29,99%,7.3,155,603,121,176,39,102,8,75,0.292,0.385,0.554,0.939
2016,2,Daniel Murphy (2016),WSN,245,1,58%,4.7,142,531,88,184,25,104,5,35,0.347,0.39,0.595,0.985
2016,3,Corey Seager (2016),LAD,240,0,57%,5.3,157,627,105,193,26,72,3,54,0.308,0.365,0.512,0.877
2016,4,Anthony Rizzo (2016),CHC,202,0,48%,5.8,155,583,94,170,32,109,3,74,0.292,0.385,0.544,0.928
2016,5,Nolan Arenado (2016),COL,199,0,47%,5.7,160,618,116,182,41,133,2,68,0.294,0.362,0.57,0.932
2016,6,Freddie Freeman (2016),ATL,129,0,31%,6.3,158,589,102,178,34,91,6,89,0.302,0.4,0.569,0.968
2016,7,Joey Votto (2016),CIN,100,0,24%,4.3,158,556,101,181,29,97,8,108,0.326,0.434,0.55,0.985
2016,8,Yoenis Cespedes (2016),NYM,45,0,11%,2.9,132,479,72,134,31,86,3,51,0.28,0.354,0.53,0.884
2016,9,Justin Turner (2016),LAD,44,0,10%,5.1,151,556,79,153,27,90,4,48,0.275,0.339,0.493,0.832
2016,11,Paul Goldschmidt (2016),ARI,18,0,4%,4.9,158,579,106,172,24,95,32,110,0.297,0.411,0.489,0.899
2016,12,Brandon Crawford (2016),SFG,15,0,4%,5.5,155,553,67,152,12,84,7,57,0.275,0.342,0.43,0.772
2016,13,Jean Segura (2016),ARI,14,0,3%,6.6,153,637,102,203,20,64,33,39,0.319,0.368,0.499,0.867
2016,14,Buster Posey (2016),SFG,11,0,3%,4.7,146,539,82,155,14,80,6,64,0.288,0.362,0.434,0.796
2016,15,DJ LeMahieu (2016),COL,8,0,2%,5.5,146,552,104,192,11,66,11,66,0.348,0.416,0.495,0.911
2016,17,Wilson Ramos (2016),WSN,6,0,1%,3.1,131,482,58,148,22,80,0,35,0.307,0.354,0.496,0.85
2016,19,Addison Russell (2016),CHC,5,0,1%,3.9,151,525,67,125,21,95,5,55,0.238,0.321,0.417,0.738
2016,19,Christian Yelich (2016),MIA,5,0,1%,4.9,155,578,78,172,21,98,9,72,0.298,0.376,0.483,0.859
2016,22,Yasmani Grandal (2016),LAD,4,0,1%,3,126,390,49,89,27,72,1,64,0.228,0.339,0.477,0.816
2016,23,Ryan Braun (2016),MIL,2,0,0%,4.4,135,511,80,156,30,91,16,46,0.305,0.365,0.538,0.903
2016,23,Yadier Molina (2016),STL,2,0,0%,2.9,147,534,56,164,8,58,3,39,0.307,0.36,0.427,0.787
2016,26,Charlie Blackmon (2016),COL,1,0,0%,4.6,143,578,111,187,29,82,17,43,0.324,0.381,0.552,0.933
2017,1,Giancarlo Stanton (2017),MIA,302,10,72%,8.1,159,597,123,168,59,132,2,85,0.281,0.376,0.631,1.007
2017,2,Joey Votto (2017),CIN,300,10,71%,7.9,162,559,106,179,36,100,5,134,0.32,0.454,0.578,1.032
2017,3,Paul Goldschmidt (2017),ARI,239,4,57%,6.1,155,558,117,166,36,120,18,94,0.297,0.404,0.563,0.966
2017,4,Nolan Arenado (2017),COL,229,2,55%,6.6,159,606,100,187,37,130,3,62,0.309,0.373,0.586,0.959
2017,5,Charlie Blackmon (2017),COL,205,3,49%,5.5,159,644,137,213,37,104,14,65,0.331,0.399,0.601,1
2017,6,Anthony Rendon (2017),WSN,141,0,34%,6.1,147,508,81,153,25,100,7,84,0.301,0.403,0.533,0.937
2017,7,Kris Bryant (2017),CHC,132,1,31%,5.7,151,549,111,162,29,73,7,95,0.295,0.409,0.537,0.946
2017,8,Justin Turner (2017),LAD,43,0,10%,5.8,130,457,72,147,21,71,7,59,0.322,0.415,0.53,0.945
2017,9,Cody Bellinger (2017),LAD,38,0,9%,4,132,480,87,128,39,97,10,64,0.267,0.352,0.581,0.933
2017,11,Tommy Pham (2017),STL,24,0,6%,6.3,128,444,95,136,23,73,25,71,0.306,0.411,0.52,0.931
2017,12,Bryce Harper (2017),WSN,21,0,5%,4.7,111,420,95,134,29,87,4,68,0.319,0.413,0.595,1.008
2017,13,Anthony Rizzo (2017),CHC,17,0,4%,4.7,157,572,99,156,32,109,10,91,0.273,0.392,0.507,0.899
2017,14,J.D. Martinez (2017),ARI,11,0,3%,2.4,62,232,47,70,29,65,2,24,0.302,0.366,0.741,1.107
2017,15,Marcell Ozuna (2017),MIA,8,0,2%,5.7,159,613,93,191,37,124,1,64,0.312,0.376,0.548,0.924
2017,17,Corey Seager (2017),LAD,6,0,1%,5.2,145,539,85,159,22,77,4,67,0.295,0.375,0.479,0.854
2017,19,Daniel Murphy (2017),WSN,3,0,1%,3.2,144,534,94,172,23,93,2,52,0.322,0.384,0.543,0.928
2017,20,Ryan Zimmerman (2017),WSN,1,0,0%,2.7,144,524,90,159,36,108,1,44,0.303,0.358,0.573,0.93
2018,1,Christian Yelich (2018),MIL,415,29,99%,7.3,147,574,118,187,36,110,22,68,0.326,0.402,0.598,1
2018,2,Javier Baez (2018),CHC,250,0,60%,6.8,160,606,101,176,34,111,21,29,0.29,0.326,0.554,0.881
2018,3,Nolan Arenado (2018),COL,203,0,48%,6.3,156,590,104,175,38,110,2,73,0.297,0.374,0.561,0.935
2018,4,Freddie Freeman (2018),ATL,174,0,41%,5.5,162,618,94,191,23,98,10,76,0.309,0.388,0.505,0.892
2018,6,Paul Goldschmidt (2018),ARI,115,0,27%,5.8,158,593,95,172,33,83,7,90,0.29,0.389,0.533,0.922
2018,7,Lorenzo Cain (2018),MIL,109,0,26%,6.8,141,539,90,166,10,38,30,71,0.308,0.395,0.417,0.813
2018,8,Trevor Story (2018),COL,108,0,26%,6.3,157,598,88,174,37,108,27,47,0.291,0.348,0.567,0.914
2018,9,Matt Carpenter (2018),STL,105,0,25%,4.6,156,564,111,145,36,81,4,102,0.257,0.374,0.523,0.897
2018,11,Anthony Rendon (2018),WSN,21,0,5%,5.2,136,529,88,163,24,92,2,55,0.308,0.374,0.535,0.909
2018,12,Ronald Acuna Jr. (2018),ATL,19,0,5%,3.9,111,433,78,127,26,64,16,45,0.293,0.366,0.552,0.917
2018,14,Justin Turner (2018),LAD,10,0,2%,4.9,103,365,62,114,14,52,2,47,0.312,0.406,0.518,0.924
2018,15,Max Muncy (2018),LAD,8,0,2%,4.3,137,395,75,104,35,79,3,79,0.263,0.391,0.582,0.973
2018,16,Jesus Aguilar (2018),MIL,7,0,2%,3.3,149,492,80,135,35,108,0,58,0.274,0.352,0.539,0.89
2018,18,Nick Markakis (2018),ATL,2,0,0%,2.6,162,623,78,185,14,93,1,72,0.297,0.366,0.44,0.806
2018,18,Eugenio Suarez (2018),CIN,2,0,0%,3.8,143,527,79,149,34,104,1,64,0.283,0.366,0.526,0.892
2019,1,Cody Bellinger (2019),LAD,362,19,86%,8.7,156,558,121,170,47,115,15,95,0.305,0.406,0.629,1.035
2019,2,Christian Yelich (2019),MIL,317,10,75%,7.1,130,489,100,161,44,97,30,80,0.329,0.429,0.671,1.1
2019,3,Anthony Rendon (2019),WSN,242,1,58%,7.3,146,545,117,174,34,126,5,80,0.319,0.412,0.598,1.01
2019,4,Ketel Marte (2019),ARI,198,0,47%,6.9,144,569,97,187,32,92,10,53,0.329,0.389,0.592,0.981
2019,5,Ronald Acuna Jr. (2019),ATL,155,0,37%,5.2,156,626,127,175,41,101,37,76,0.28,0.365,0.518,0.883
2019,6,Nolan Arenado (2019),COL,120,0,29%,7.1,155,588,102,185,41,118,3,62,0.315,0.379,0.583,0.962
2019,7,Pete Alonso (2019),NYM,102,0,24%,5.4,161,597,103,155,53,120,1,72,0.26,0.358,0.583,0.941
2019,8,Freddie Freeman (2019),ATL,90,0,21%,3.8,158,597,113,176,38,121,6,87,0.295,0.389,0.549,0.938
2019,9,Juan Soto (2019),WSN,45,0,11%,5.1,150,542,110,153,34,110,12,108,0.282,0.401,0.548,0.949
2019,11,Josh Donaldson (2019),ATL,27,0,6%,5.3,155,549,96,142,37,94,4,100,0.259,0.379,0.521,0.9
2019,12,Trevor Story (2019),COL,26,0,6%,6.9,145,588,111,173,35,85,23,58,0.294,0.363,0.554,0.917
2019,14,J.T. Realmuto (2019),PHI,8,0,2%,4.5,145,538,92,148,25,83,9,41,0.275,0.328,0.493,0.82
2019,15,Yasmani Grandal (2019),MIL,4,0,1%,2.5,153,513,79,126,28,77,5,109,0.246,0.38,0.468,0.848
2019,15,Max Muncy (2019),LAD,4,0,1%,5.3,141,487,101,122,35,98,4,90,0.251,0.374,0.515,0.889
2019,15,Eugenio Suarez (2019),CIN,4,0,1%,3.5,159,575,87,156,49,103,3,70,0.271,0.358,0.572,0.93
2019,20,Paul Goldschmidt (2019),STL,2,0,0%,2.6,161,597,97,155,34,97,3,78,0.26,0.346,0.476,0.821
2019,20,Kolten Wong (2019),STL,2,0,0%,5.4,148,478,61,136,11,59,24,47,0.285,0.361,0.423,0.784
2019,22,Kevin Pillar (2019),SFG,1,0,0%,0.6,156,595,82,157,21,87,14,18,0.264,0.293,0.442,0.735
2021,1,Bryce Harper (2021),PHI,348,17,83%,5.9,141,488,101,151,35,84,13,100,0.309,0.429,0.615,1.044
2021,2,Juan Soto (2021),WSN,274,6,65%,7.3,151,502,111,157,29,95,9,145,0.313,0.465,0.534,0.999
2021,3,Fernando Tatis Jr. (2021),SDP,244,2,58%,6.6,130,478,99,135,42,97,25,62,0.282,0.364,0.611,0.975
2021,4,Brandon Crawford (2021),SFG,213,4,51%,6.1,138,483,79,144,24,90,11,56,0.298,0.373,0.522,0.895
2021,5,Trea Turner (2021),TOT,185,1,44%,6.5,148,595,107,195,28,77,32,41,0.328,0.375,0.536,0.911
2021,6,Paul Goldschmidt (2021),STL,128,0,30%,5.9,158,603,102,177,31,99,12,67,0.294,0.365,0.514,0.879
2021,7,Austin Riley (2021),ATL,111,0,26%,6.3,160,590,91,179,33,107,0,52,0.303,0.367,0.531,0.898
2021,8,Tyler O'Neill (2021),STL,62,0,15%,6.4,138,482,89,138,34,80,15,38,0.286,0.352,0.56,0.912
2021,9,Freddie Freeman (2021),ATL,43,0,10%,4.8,159,600,120,180,31,83,8,85,0.3,0.393,0.503,0.896
2021,10,Max Muncy (2021),LAD,38,0,9%,4.6,144,497,95,124,36,94,2,83,0.249,0.368,0.527,0.895
2021,11,Bryan Reynolds (2021),PIT,33,0,8%,6,159,559,93,169,24,90,5,75,0.302,0.39,0.522,0.912
2021,12,Nick Castellanos (2021),CIN,24,0,6%,3.1,138,531,95,164,34,100,3,41,0.309,0.362,0.576,0.939
2021,13,Ozzie Albies (2021),ATL,12,0,3%,3.8,156,629,103,163,30,106,20,47,0.259,0.31,0.488,0.799
2021,16,Willy Adames (2021),MIL,8,0,2%,3.6,99,365,61,104,20,58,4,47,0.285,0.366,0.521,0.886
2021,16,Joey Votto (2021),CIN,8,0,2%,3.3,129,448,73,119,36,99,1,77,0.266,0.375,0.563,0.938
2021,18,Manny Machado (2021),SDP,7,0,2%,5,153,564,92,157,28,106,12,63,0.278,0.347,0.489,0.836
2021,21,Buster Posey (2021),SFG,1,0,0%,3.6,113,395,68,120,18,56,0,56,0.304,0.39,0.499,0.889
2021,21,LaMonte Wade Jr. (2021),SFG,1,0,0%,1.4,109,336,52,85,18,56,6,33,0.253,0.326,0.482,0.808
2022,1,Paul Goldschmidt (2022),STL,380,22,90%,7.7,151,561,106,178,35,115,7,79,0.317,0.404,0.578,0.981
2022,2,Manny Machado (2022),SDP,291,7,69%,6.8,150,578,100,172,32,102,9,63,0.298,0.366,0.531,0.898
2022,3,Nolan Arenado (2022),STL,232,1,55%,7.9,148,557,73,163,30,103,5,52,0.293,0.358,0.533,0.891
2022,4,Freddie Freeman (2022),LAD,220,0,52%,6.2,159,612,117,199,21,100,13,84,0.325,0.407,0.511,0.918
2022,5,Mookie Betts (2022),LAD,154,0,37%,6.7,142,572,117,154,35,82,12,55,0.269,0.34,0.533,0.873
2022,6,Austin Riley (2022),ATL,116,0,28%,6.4,159,615,90,168,38,93,2,57,0.273,0.349,0.528,0.878
2022,7,J.T. Realmuto (2022),PHI,98,0,23%,6.5,139,504,75,139,22,84,21,41,0.276,0.342,0.478,0.82
2022,8,Pete Alonso (2022),NYM,81,0,19%,4.4,160,597,95,162,40,131,5,67,0.271,0.352,0.518,0.869
2022,9,Francisco Lindor (2022),NYM,77,0,18%,5.4,161,630,98,170,26,107,16,59,0.27,0.339,0.449,0.788
2022,11,Trea Turner (2022),LAD,29,0,7%,5.2,160,652,101,194,21,100,27,45,0.298,0.343,0.466,0.809
2022,12,Dansby Swanson (2022),ATL,23,0,5%,5.5,162,640,99,177,25,96,18,49,0.277,0.329,0.447,0.776
2022,13,Michael Harris II (2022),ATL,9,0,2%,5.1,114,414,75,123,19,64,20,21,0.297,0.339,0.514,0.853
2022,15,Jeff McNeil (2022),NYM,6,0,1%,5.9,148,533,73,174,9,62,4,40,0.326,0.382,0.454,0.836
2022,16,Kyle Schwarber (2022),PHI,2,0,0%,2.3,155,577,100,126,46,94,10,86,0.218,0.323,0.504,0.827
2022,19,Starling Marte (2022),NYM,1,0,0%,3.8,118,466,76,136,16,63,18,26,0.292,0.347,0.468,0.814
2023,1,Ronald Acuna Jr. (2023),ATL,420,30,100%,8.4,159,643,149,217,41,106,73,80,0.337,0.416,0.596,1.012
2023,2,Mookie Betts (2023),LAD,270,0,64%,8.6,152,584,126,179,39,107,14,96,0.307,0.408,0.579,0.987
2023,3,Freddie Freeman (2023),LAD,227,0,54%,6.8,161,637,131,211,29,102,23,72,0.331,0.41,0.567,0.976
2023,4,Matt Olson (2023),ATL,223,0,53%,7.5,162,608,127,172,54,139,1,104,0.283,0.389,0.604,0.993
2023,5,Corbin Carroll (2023),ARI,165,0,39%,5.3,155,565,116,161,25,76,54,57,0.285,0.362,0.506,0.868
2023,6,Juan Soto (2023),SDP,106,0,25%,5.3,162,568,97,156,35,109,12,132,0.275,0.41,0.519,0.93
2023,7,Austin Riley (2023),ATL,68,0,16%,6,159,636,117,179,37,97,3,59,0.281,0.345,0.516,0.861
2023,8,Luis Arraez (2023),MIA,67,0,16%,4.6,147,574,71,203,10,69,3,35,0.354,0.393,0.469,0.861
2023,9,Francisco Lindor (2023),NYM,52,0,12%,6.1,160,602,108,153,31,98,31,66,0.254,0.336,0.47,0.806
2023,10,Cody Bellinger (2023),CHC,49,0,12%,4.8,130,499,95,153,26,97,20,40,0.307,0.356,0.525,0.881
2023,11,William Contreras (2023),MIL,39,0,9%,3.7,141,540,86,156,17,78,6,63,0.289,0.367,0.457,0.825
2023,12,Bryce Harper (2023),PHI,36,0,9%,3.6,126,457,84,134,21,72,11,80,0.293,0.401,0.499,0.9
2023,14,Ha-Seong Kim (2023),SDP,5,0,1%,5.4,152,538,84,140,17,60,38,75,0.26,0.351,0.398,0.749
2023,14,Fernando Tatis Jr. (2023),SDP,5,0,1%,5.2,141,575,91,148,25,78,29,53,0.257,0.322,0.449,0.77
2023,16,Ozzie Albies (2023),ATL,4,0,1%,5,148,596,96,167,33,109,13,46,0.28,0.336,0.513,0.849
2023,17,Pete Alonso (2023),NYM,3,0,1%,3.3,154,568,92,123,46,118,4,65,0.217,0.318,0.504,0.821
2023,19,Marcell Ozuna (2023),ATL,2,0,0%,3.4,144,530,84,145,40,100,0,57,0.274,0.346,0.558,0.905
2023,19,Kyle Schwarber (2023),PHI,2,0,0%,0.7,160,585,108,115,47,104,0,126,0.197,0.343,0.474,0.817
2023,19,Dansby Swanson (2023),CHC,2,0,0%,5.2,147,565,81,138,22,80,9,66,0.244,0.328,0.416,0.744
2023,23,Nick Castellanos (2023),PHI,1,0,0%,1.5,157,626,79,170,29,106,11,36,0.272,0.311,0.476,0.788
2023,23,TJ Friedl (2023),CIN,1,0,0%,3.6,138,488,73,136,18,66,27,47,0.279,0.352,0.467,0.819
2023,23,Christian Walker (2023),ARI,1,0,0%,3.7,157,582,86,150,33,103,11,62,0.258,0.333,0.497,0.83
2024,1,Shohei Ohtani (2024),LAD,420,30,100%,9,159,636,134,197,54,130,59,81,0.31,0.39,0.646,1.036
2024,2,Francisco Lindor (2024),NYM,263,0,63%,6.8,152,618,107,169,33,91,29,56,0.273,0.344,0.5,0.844
2024,3,Ketel Marte (2024),ARI,229,0,55%,6.8,136,504,93,147,36,95,7,65,0.292,0.372,0.56,0.932
2024,4,Marcell Ozuna (2024),ATL,134,0,32%,4.3,162,606,96,183,39,104,1,74,0.302,0.378,0.546,0.925
2024,5,William Contreras (2024),MIL,132,0,31%,5,155,595,99,167,23,92,9,78,0.281,0.365,0.466,0.831
2024,6,Bryce Harper (2024),PHI,130,0,31%,4.6,145,550,85,157,30,87,7,76,0.285,0.373,0.525,0.898
2024,8,Elly De La Cruz (2024),CIN,89,0,21%,5.2,160,618,105,160,25,76,67,69,0.259,0.339,0.471,0.809
2024,9,Jackson Merrill (2024),SDP,57,0,14%,4.5,156,554,77,162,24,90,16,29,0.292,0.326,0.5,0.826
2024,10,Willy Adames (2024),MIL,54,0,13%,3.2,161,610,93,153,32,112,21,74,0.251,0.331,0.462,0.794
2024,11,Matt Chapman (2024),SFG,37,0,9%,7.1,154,575,98,142,27,78,15,64,0.247,0.328,0.463,0.79
2024,13,Mookie Betts (2024),LAD,24,0,6%,4.6,116,450,75,130,19,75,16,61,0.289,0.372,0.491,0.863
2024,14,Jurickson Profar (2024),SDP,23,0,5%,3.6,158,564,94,158,24,85,10,76,0.28,0.38,0.459,0.839
2024,15,Kyle Schwarber (2024),PHI,15,0,4%,3.3,150,573,110,142,38,104,5,106,0.248,0.366,0.485,0.851
2024,16,Manny Machado (2024),SDP,12,0,3%,3.1,152,593,77,163,29,105,11,45,0.275,0.325,0.472,0.797
2024,17,Freddie Freeman (2024),LAD,6,0,1%,4.5,147,542,81,153,22,89,9,78,0.282,0.378,0.476,0.854
2024,18,Luis Arraez (2024),TOT,4,0,1%,1.1,150,637,83,200,4,46,9,24,0.314,0.346,0.392,0.739
2024,19,Teoscar Hernandez (2024),LAD,3,0,1%,4.1,154,589,84,160,33,99,12,53,0.272,0.339,0.501,0.84
2024,19,Ezequiel Tovar (2024),COL,3,0,1%,3.6,157,655,83,176,26,78,6,23,0.269,0.295,0.469,0.763
2024,22,Jackson Chourio (2024),MIL,1,0,0%,3.9,148,528,80,145,21,79,22,39,0.275,0.327,0.464,0.791
2025,2,Kyle Schwarber (2025),PHI,260,0,62%,4.6,162,604,111,145,56,132,10,108,0.24,0.365,0.563,0.928
2025,3,Juan Soto (2025),NYM,231,0,55%,6.1,160,577,120,152,43,105,38,127,0.263,0.396,0.525,0.921
2025,4,Geraldo Perdomo (2025),ARI,196,0,47%,7.1,161,597,98,173,20,100,27,94,0.29,0.389,0.462,0.851
2025,5,Trea Turner (2025),PHI,102,0,24%,5.4,141,589,94,179,15,69,36,43,0.304,0.355,0.457,0.812
2025,6,Corbin Carroll (2025),ARI,83,0,20%,5.8,143,564,107,146,31,84,32,67,0.259,0.343,0.541,0.883
2025,8,Fernando Tatis Jr. (2025),SDP,78,0,19%,6.1,155,594,111,159,25,71,32,89,0.268,0.368,0.446,0.814
2025,9,Pete Crow-Armstrong (2025),CHC,63,0,15%,5.9,157,591,91,146,31,95,35,29,0.247,0.287,0.481,0.768
2025,10,Francisco Lindor (2025),NYM,61,0,15%,5.8,160,644,117,172,31,86,31,65,0.267,0.346,0.466,0.811
2025,11,Pete Alonso (2025),NYM,48,0,11%,3.3,162,624,87,170,38,126,1,61,0.272,0.347,0.524,0.871
2025,12,Christian Yelich (2025),MIL,34,0,8%,3,150,573,88,151,29,103,16,64,0.264,0.343,0.452,0.795
2025,13,Freddie Freeman (2025),LAD,29,0,7%,3.5,147,556,81,164,24,90,6,60,0.295,0.367,0.502,0.869
2025,14,Brice Turang (2025),MIL,23,0,5%,5.5,156,584,97,168,18,81,24,66,0.288,0.359,0.435,0.794
2025,16,Michael Busch (2025),CHC,11,0,3%,4.5,155,524,78,137,34,90,4,56,0.261,0.343,0.523,0.866
2025,16,Manny Machado (2025),SDP,11,0,3%,4.2,159,615,91,169,27,95,14,55,0.275,0.335,0.46,0.795
2025,18,Matt Olson (2025),ATL,7,0,2%,6.2,162,624,98,170,29,95,1,91,0.272,0.366,0.484,0.85
2025,19,Nico Hoerner (2025),CHC,5,0,1%,6.2,156,599,89,178,7,61,29,39,0.297,0.345,0.394,0.739
2025,20,Will Smith (2025),LAD,3,0,1%,4.4,110,362,64,107,17,61,2,64,0.296,0.404,0.497,0.901
2025,20,Seiya Suzuki (2025),CHC,3,0,1%,2.6,151,571,75,140,32,103,5,71,0.245,0.326,0.478,0.804
2025,22,Ketel Marte (2025),ARI,2,0,0%,4.4,126,480,87,136,28,72,4,64,0.283,0.376,0.517,0.893
2025,23,Elly De La Cruz (2025),CIN,1,0,0%,3.6,162,629,102,166,22,86,37,67,0.264,0.336,0.44,0.777
